"ID","pressure_score"
1,0.204993693705667
2,0.123666699957958
3,0.0827080627073651
4,0.171206538519477
5,0.250710644432942
6,0.431721547800843
7,0.401939992281652
8,0.368287257628502
9,0.336431280030128
10,0.430260803497949
