"ID","pressure_score"
1,0.21680374110167
2,0.091321437772542
3,0.0523132764892593
4,0.196866561087663
5,0.415018656225777
6,0.61921478578938
7,0.507516040863885
8,0.382494269503024
9,0.403367147518676
10,0.464272796170769
