"ID","pressure_score"
1,0.162956653414302
2,0.130638438275065
3,0.0799964279533045
4,0.147910190284082
5,0.302611122911451
6,0.458036459874329
7,0.437376362873499
8,0.413751730255736
9,0.37392749836551
10,0.429466531105939
