"ID","pressure_score"
1,0.151246074076673
2,0.110200070960329
3,0.03857827797478
4,0.172255028060429
5,0.363508995719514
6,0.550471182208699
7,0.42396070427251
8,0.321045843941598
9,0.310220982385172
10,0.385188197610167
