"rgn_id","pressure_score"
1,0
2,0
3,0
4,0
5,0
6,0.231950936190265
7,0.18214199770174
8,0.00750422782946469
9,0
