"ID","trend"
1,-0.00408072478660151
2,-3.24298928005897e-05
3,1.04902170205155e-05
4,-4.0624614007725e-05
5,-1.72399597094551e-06
6,4.76552157206593e-05
7,0
8,1.92538548910257e-17
9,1.93947980722443e-18
