rgn_id,pressure_score
1,0.246245104
2,0.17976369
3,0.195808826
4,0.319918799
5,0.332762083
6,0.392575242
7,0.237214043
8,0.165564366
9,0.15016833
