"ID","pressure_score"
1,0.217381327270287
2,0.212397226009271
3,0.201900023934842
4,0.25557646050231
5,0.263345380943335
6,0.35612875477262
7,0.212210032793315
8,0.241613637505839
9,0.223205895667636
10,0.329545518647465
