"ID","pressure_score"
1,0.322239279944494
2,0.285448470701361
3,0.33606256621149
4,0.301952278043882
5,0.27048705808606
6,0.280307715173534
7,0.317270314749058
8,0.317068798850072
9,0.25707547063688
10,0.398061927857353
