"ID","pressure_score"
1,0.246245104334076
2,0.179763689859583
3,0.195808825573357
4,0.319918798584517
5,0.332762082837323
6,0.392575242263712
7,0.237214043332788
8,0.165564365866172
9,0.150168330264044
10,0.258226920590479
