"ID","pressure_score"
1,0.195321776752928
2,0.176261136835705
3,0.194633663108561
4,0.256461699823165
5,0.269854250452847
6,0.381657821567015
7,0.233667145075035
8,0.200320288196542
9,0.190253721051083
10,0.305462125216438
