rgn_id,pressure_score
1,0.055709251
2,0.011211805
3,0.002435817
4,0.037778578
5,0.013749121
6,0.266146044
7,0.045997388
8,0.080279797
9,0.005874975
