rgn_id,chemical_pollution_2013_scaled
1,0.017626832
2,0.01934413
3,0.003403253
4,0.024110108
5,0.087737719
6,0.246070057
7,0.068347474
8,0.080577113
9,0.062496078
