rgn_id,weight_rescale_icemask
1,0.050648014
2,0.202162055
3,0.116374896
4,0.257158123
5,0.425957492
6,0.487447175
7,0.422630969
8,0.301905687
9,0.386726334
