"ID","trend"
1,-0.00416822934283581
2,7.4500276472083e-06
3,3.3489019020826e-05
4,6.66834439397995e-06
5,-1.92508963927501e-06
6,-1.73916512029026e-05
7,0
8,9.04448156785475e-08
9,0
