"ID","pressure_score"
1,0.0571145951723834
2,0.0106054384469019
3,0.00244835594388994
4,0.0373902990373189
5,0.0137407970374569
6,0.266084377025438
7,0.0459973878012254
8,0.0802788447193408
9,0.00588094194854333
