"ID","pressure_score"
1,0.056054626378372
2,0.0105827993065748
3,0.00242563682188297
4,0.0372299643795167
5,0.0137393459577791
6,0.266125899083183
7,0.0459973878012254
8,0.0802788447193408
9,0.00588094194854333
