"ID","pressure_score"
1,0.0568521405520474
2,0.0106203487315083
3,0.00244901951305861
4,0.0372749829744535
5,0.0137394700296595
6,0.266079552917743
7,0.0459973878012254
8,0.0802788447193408
9,0.00588094194854333
