"ID","pressure_score"
1,0.0176659000647673
2,0.0193389196531582
3,0.00340483446714206
4,0.0241178164065461
5,0.0877363933624526
6,0.246063493826055
7,0.0683474737287157
8,0.0805770721471238
9,0.0624960779209637
10,0.147080132226672
