"ID","pressure_score"
1,0.0583786398163135
2,0.0106085846120469
3,0.00241911794924256
4,0.037291189336506
5,0.0137395074883458
6,0.266023391735542
7,0.0459973878012254
8,0.0802790256089721
9,0.00588094194854333
