"rgn_id","habitat","km2"
1,"soft_bottom",231685.666610248
2,"soft_bottom",623410.263500567
3,"soft_bottom",198746.645885603
4,"soft_bottom",2880698.12528884
5,"soft_bottom",247035.669428324
6,"soft_bottom",74055.162076692
7,"soft_bottom",884.603075134298
8,"soft_bottom",170434.981227232
9,"soft_bottom",191930.050027263
10,"soft_bottom",13937.9562509561
