"year","ref_median"
2003,0.947251156278042
2004,0.929041287452621
2005,0.919277104208389
2006,0.931545059492369
2007,0.935321925252786
2008,0.940588552639427
2009,0.924402993918927
2010,0.892818224118239
