"year","maxDensity"
2003,31.9710840498345
2004,19.0753315182982
2005,4.0145087159853
2006,3.79346323632576
2007,4.32889291051265
2008,13.3484717368047
2009,6.08280780713461
2010,6.2696629165619
