"ID","pressure_score"
1,0.0176611488248846
2,0.0193405107788617
3,0.00340365317547023
4,0.024107652722835
5,0.0877362365457248
6,0.246062588914214
7,0.0683474737287157
8,0.0805770625740963
9,0.0624960779209637
10,0.147080131975215
