"ID","pressure_score"
1,0.0177194190002854
2,0.0193397758492292
3,0.00339511253697784
4,0.0241093422635373
5,0.0877362395257553
6,0.246057262527798
7,0.0683474737287157
8,0.0805778354629903
9,0.0624960779209637
10,0.147080132080949
