"ID","pressure_score"
1,0.0176309351245855
2,0.019334642502806
3,0.0033969752359593
4,0.024103752574105
5,0.0877362244698102
6,0.246067798092435
7,0.0683474737287157
8,0.0805770625740963
9,0.0624960779209637
10,0.147080132653214
