"ID","pressure_score"
1,0.0557092513538227
2,0.0112118054874418
3,0.00243581709843266
4,0.0377785778245462
5,0.0137491213965611
6,0.266146043954077
7,0.0459973878012254
8,0.0802797966800276
9,0.00587497454855785
