rgn_id,status
1,73.18555566
2,84.10621923
3,74.90912595
4,63.43625437
5,80.314696
6,64.49191919
7,NA
8,84.43452217
9,65.52819696
