rgn_id,status
1,73.18555566
2,84.10621923
3,74.90912595
4,63.43625437
5,80.314696
6,64.49191919
8,84.43452217
9,65.52819696
1,-0.000292526
2,0.026862375
3,0.030082663
4,-0.024159336
5,-0.129727353
6,-0.16545
8,0.076172652
9,-0.000179792
