rgn_id,status
1,73.45222232
2,85.93955256
3,74.90912595
4,68.80292103
5,NA
6,99.6
7,NA
8,85.70118884
9,72.49486362
