rgn_id,trend
1,-0.000359192
2,0.006762375
3,0.03004933
4,-0.01999267
5,NA
6,0.0691
7,NA
8,0.029039319
9,-0.029646459
