rgn_id,trend
1,-0.000292526
2,0.026862375
3,0.030082663
4,-0.024159336
5,-0.129727353
6,0.0691
7,NA
8,0.076172652
9,-0.000179792
