"rgn_id","pressure_score"
1,0.228786931108261
2,0.228786931108261
3,0.228786931108261
4,0.228786931108261
5,0.228786931108261
6,0.228786931108261
7,0.228786931108261
8,0.228786931108261
9,0.228786931108261
