rgn_id,pressure_score
1,0.145918105
2,0.145065816
3,0.125542757
4,0.15897259
5,0.257607203
6,0.430329311
7,0.351574435
8,0.404949059
9,0.308541575
