rgn_id,pressure_score
1,NA
2,NA
3,NA
4,0.240892065
5,0.101364988
6,0.37426994
7,0.14439103
8,0.005672129
9,0.041897813
