"rgn_id","trend"
1,0.0536774011008782
2,0.0536774011008782
3,0.0536774011008782
4,0.0536774011008782
5,0.0536774011008782
6,0.0536774011008782
7,0.0536774011008782
8,0.0536774011008782
9,0.0536774011008782
