rgn_id,trend
1,0
2,8.89577537733988e-06
3,8.89577537733988e-06
4,-0.0107091821417503
5,0.000499869017863218
6,0.000499869017863218
7,0.000499869017863218
8,0
9,0
