rgn_id,trend
1,0.074303619
2,0.280981698
3,0.280981698
4,0.198892177
5,0.05533738
6,0.05533738
7,NA
8,0.136507937
9,0.136507937
