"saup_id","rgn_id","prop_area"
"645",73,"0.161594361137021"
"647",73,"0.00825726645376504"
"648",73,"0.00143693777370243"
"649",73,"0.422337305147582"
"650",73,"0.404798240794903"
"651",73,"0.00157588869302642"
"304",145,"1"
"488",163,"0.181680365500586"
"841",163,"0.433632361630352"
"842",163,"0.102983776603974"
"848",163,"0.0949556414968446"
"851",163,"0.10533216456452"
"852",163,"0.0814156902037244"
"124",218,"1"
"578",223,"1"
