"rgn_id","pressure_score"
1,0.0561230684943359
2,0.0561230684943359
3,0.0561230684943359
4,0.0561230684943359
5,0.0561230684943359
6,0.0561230684943359
7,0.0561230684943359
8,0.0561230684943359
9,0.0561230684943359
