rgn_id,pressure_score
1,0.044045043
2,0.056171648
3,0.016267315
4,0.085304847
5,NA
6,0.50032891
7,NA
8,0.242465065
9,0.165812153
