rgn_id,pressure_score
1,NA
2,0.182191787
3,NA
4,0.292320997
5,0.271202411
6,0.486734583
7,0.168704825
8,0.144193015
9,0.246367216
