"rgn_id","pressure_score"
1,0.0712444588230334
2,0.0712444588230334
3,0.0712444588230334
4,0.0712444588230334
5,0.0712444588230334
6,0.0712444588230334
7,0.0712444588230334
8,0.0712444588230334
9,0.0712444588230334
