rgn_id,pressure_score
1,NA
2,0.041323742
3,NA
4,0.150584767
5,0.095647861
6,0.410204141
7,0.151131315
8,0.048422077
9,0.216637364
