rgn_id,value
1,0.612622254
2,0.583217793
3,0.583217793
4,0.563332732
5,0.590681979
6,0.590681979
7,0.590681979
8,0.620394725
9,0.620394725
