rgn_id,value
1,0.612622254289042
2,0.5832177930095
3,0.5832177930095
4,0.56333273208275
5,0.590681978731453
6,0.590681978731453
7,0.590681978731453
8,0.62039472510366
9,0.62039472510366
