rgn_id,resilience.score
1,0.516541764832526
2,0.151798368840984
3,0.151798368840984
4,0.700500868382387
5,1
6,1
7,1
8,1
9,1
