rgn_id,value
1,0.632
2,0.632
3,0.632
4,0.632
5,0.619839140529518
6,0.619839140529518
7,0.619839140529518
8,0.704591794613314
9,0.704591794613314
