rgn_id,resilience.score
1,0.000763986
2,0.037647821
3,0.013066072
4,0.177602263
5,0.457001061
6,0.014992859
7,0.05350796
8,0.057683788
9,0.217253388
