rgn_id,score
1,0.113929432
2,0.000566813
3,0.000566813
4,0.162958764
5,0.208587218
6,0.208587218
7,0
8,1
9,1
