"rgn_id","score"
1,0.013680650365343
2,0.013680650365343
3,0.013680650365343
4,0.013680650365343
5,0.013680650365343
6,0.013680650365343
7,0.013680650365343
8,0.013680650365343
9,0.013680650365343
