rgn_id,score
1,0.0153505031553812
2,0.000852805730854511
3,0.000852805730854511
4,0.213201432713628
5,0.168855534709193
6,0.168855534709193
7,0.168855534709193
8,1
9,1
