"rgn_id","w_fis"
1,0.937719011357972
2,0.937719011357972
3,0.937719011357972
4,0.937719011357972
5,0.937719011357972
6,0.937719011357972
7,0.937719011357972
8,0.937719011357972
9,0.937719011357972
