rgn_id,w_fis
1,0.965646320579246
2,0.906299857364741
3,0.906299857364741
4,0.99684472679567
5,0.65058405568399
6,0.65058405568399
7,0.65058405568399
8,1
9,1
