rgn_id,resilience.score
1,0.5
2,1
3,1
4,0.625
5,0.833333333333333
6,0.833333333333333
7,0.833333333333333
8,0.916666666666667
9,0.916666666666667
