"rgn_id","resilience.score"
1,0.673988887099949
2,0.673988887099949
3,0.673988887099949
4,0.673988887099949
5,0.673988887099949
6,0.673988887099949
7,0.673988887099949
8,0.673988887099949
9,0.673988887099949
