"rgn_id","resilience.score"
1,0.517341547610892
2,0.517341547610892
3,0.517341547610892
4,0.517341547610892
5,0.517341547610892
6,0.517341547610892
7,0.517341547610892
8,0.517341547610892
9,0.517341547610892
