rgn_id,resilience.score
1,0.62777777775
2,0.47857142855
3,0.47857142855
4,0.46666666665
5,0.62
6,0.62
7,0.62
8,0.58276746874045
9,0.58276746874045
