"rgn_id","resilience.score"
1,0.68007693129994
2,0.68007693129994
3,0.68007693129994
4,0.68007693129994
5,0.68007693129994
6,0.68007693129994
7,0.68007693129994
8,0.68007693129994
9,0.68007693129994
