rgn_id,resilience.score
1,0.363636363636364
2,0.863636363636364
3,0.863636363636364
4,0.727272727272727
5,1
6,1
7,1
8,0.727272727272727
9,0.727272727272727
