"rgn_id","pressure_score"
1,0.102790805585586
2,0.102790805585586
3,0.102790805585586
4,0.102790805585586
5,0.102790805585586
6,0.102790805585586
7,0.102790805585586
8,0.102790805585586
9,0.102790805585586
