rgn_id,pressure_score
1,0.0571611
2,0.0156798
3,0.0156798
4,0.0246882
5,0.095746
6,0.095746
7,0.095746
8,0.00391184
9,0.00391184
