"rgn_id","resilience.score"
1,0.168273647258098
2,0.168273647258098
3,0.168273647258098
4,0.168273647258098
5,0.168273647258098
6,0.168273647258098
7,0.168273647258098
8,0.168273647258098
9,0.168273647258098
