"rgn_id","pressures.score"
1,0.0424838623529412
2,0.0424838623529412
3,0.0424838623529412
4,0.0424838623529412
5,0.0424838623529412
6,0.0424838623529412
7,0.0424838623529412
8,0.0424838623529412
9,0.0424838623529412
