rgn_id,pressures.score
1,0.034732429
2,0
3,0
4,0
5,0.06528264
6,0.06528264
7,0.06528264
8,0.03616616
9,0.03616616
