"rgn_id","pressure_score"
1,0
2,0
3,0
4,0
5,5.47552964507148e-05
6,0.515559457136734
7,0.410149376603131
8,0.0405654837304499
9,0
