rgn_id,score
1,0.79199755
2,0.748946974
3,0.748946974
4,0.624280835
5,0.76492567
6,0.76492567
7,NA
8,0.719515919
9,0.719515919
