"rgn_id","score"
1,0.620345456281709
2,0.620345456281709
3,0.620345456281709
4,0.620345456281709
5,0.620345456281709
6,0.620345456281709
7,0.620345456281709
8,0.620345456281709
9,0.620345456281709
