rgn_id,score
1,0.79199755
2,0.748946974428571
3,0.748946974428571
4,0.624280835428571
5,0.764925670428571
6,0.764925670428571
7,0.764925670428571
8,0.719515918885714
9,0.719515918885714
