"rgn_id","resilience.score"
1,0.275145041298065
2,0.275145041298065
3,0.275145041298065
4,0.275145041298065
5,0.275145041298065
6,0.275145041298065
7,0.275145041298065
8,0.275145041298065
9,0.275145041298065
