rgn_id,resilience.score
1,0
2,0.331301519479
3,0.331301519479
4,0.402554601367
5,0.513515657985
6,0.513515657985
7,0.513515657985
8,0.0130471986228
9,0.0130471986228
