rgn_id,resilience.score
1,0
2,0.331301519
3,0.331301519
4,0.402554601
5,0.513515658
6,0.513515658
7,NA
8,0.013047199
9,0.013047199
