"rgn_id","pressure_score"
1,0.249266064734057
2,0.249266064734057
3,0.249266064734057
4,0.249266064734057
5,0.249266064734057
6,0.249266064734057
7,0.249266064734057
8,0.249266064734057
9,0.249266064734057
