"rgn_id","pressure_score"
1,0.365936899050511
2,0.365936899050511
3,0.365936899050511
4,0.365936899050511
5,0.365936899050511
6,0.365936899050511
7,0.365936899050511
8,0.365936899050511
9,0.365936899050511
