"rgn_id","pressure_score"
1,0.118510291739425
2,0.118510291739425
3,0.118510291739425
4,0.118510291739425
5,0.118510291739425
6,0.118510291739425
7,0.118510291739425
8,0.118510291739425
9,0.118510291739425
