rgn_id,pressure_score
1,0
2,0.000762490743047414
3,0.000762490743047414
4,0.119031116875654
5,0.0358243158204718
6,0.0358243158204718
7,0.0358243158204718
8,0
9,0
