"rgn_id","pressure_score"
1,0.333646568859864
2,0.333646568859864
3,0.333646568859864
4,0.333646568859864
5,0.333646568859864
6,0.333646568859864
7,0.333646568859864
8,0.333646568859864
9,0.333646568859864
