rgn_id,pressure_score
1,0
2,0.000762491
3,0.000762491
4,0.119031117
5,0.035824316
6,0.035824316
7,NA
8,0
9,0
