"rgn_id","pressure_score"
1,0.466819694961986
2,0.466819694961986
3,0.466819694961986
4,0.466819694961986
5,0.466819694961986
6,0.466819694961986
7,0.466819694961986
8,0.466819694961986
9,0.466819694961986
