"rgn_id","resilience.score"
1,0.795177170523303
2,0.795177170523303
3,0.795177170523303
4,0.795177170523303
5,0.795177170523303
6,0.795177170523303
7,0.795177170523303
8,0.795177170523303
9,0.795177170523303
