"rgn_id","area_km2"
1,4137.43068725047
2,4137.43068725047
3,4137.43068725047
4,4137.43068725047
5,4137.43068725047
6,4137.43068725047
7,4137.43068725047
8,4137.43068725047
9,4137.43068725047
