"rgn_id","area_km2"
1,20861.2253569494
2,20861.2253569494
3,20861.2253569494
4,20861.2253569494
5,20861.2253569494
6,20861.2253569494
7,20861.2253569494
8,20861.2253569494
9,20861.2253569494
