rgn_id,area_km2
1,69569.2692194757
2,163643.701591034
3,163643.701591034
4,79527.8210185757
5,27009.646364974
6,27009.646364974
7,27009.646364974
8,50912.2664846658
9,50912.2664846658
