rgn_id,area_km2
1,295218.141846558
2,629255.77349294
3,629255.77349294
4,403709.944456904
5,89962.2944881869
6,89962.2944881869
7,89962.2944881869
8,162518.081346467
9,162518.081346467
