"rgn_id","resilience.score"
1,0.568396451942047
2,0.568396451942047
3,0.568396451942047
4,0.568396451942047
5,0.568396451942047
6,0.568396451942047
7,0.568396451942047
8,0.568396451942047
9,0.568396451942047
