"rgn_id","pressures.score"
1,0.0228612465987033
2,0.0228612465987033
3,0.0228612465987033
4,0.0228612465987033
5,0.0228612465987033
6,0.0228612465987033
7,0.0228612465987033
8,0.0228612465987033
9,0.0228612465987033
