rgn_id,pressures.score
1,1
2,0.259772406
3,0.259772406
4,0.040537014
5,0.043254962
6,0.043254962
7,0.007275226
8,0.051212593
9,0.051212593
