rgn_id,pressures.score
1,1
2,0.259772406470939
3,0.259772406470939
4,0.040537014175284
5,0.043254962281375
6,0.043254962281375
7,0.043254962281375
8,0.0512125927515782
9,0.0512125927515782
