rgn_id,pressures.score
1,0.549389207
2,0.92134307
3,0.92134307
4,0.178203992
5,0.97683073
6,0.97683073
7,0.97683073
8,0
9,0
