rgn_id,pressures.score
1,0
2,0
3,0
4,0.217617366
5,0
6,0.98626468
7,0
8,0
9,0
