"rgn_id","pressures.score"
1,0.327143150672727
2,0.327143150672727
3,0.327143150672727
4,0.327143150672727
5,0.327143150672727
6,0.327143150672727
7,0.327143150672727
8,0.327143150672727
9,0.327143150672727
