rgn_id,score
1,0.937343219847325
2,0.909228037731482
3,0.909228037731482
4,0.91812501278316
5,0.887630251877379
6,0.887630251877379
7,0.887630251877379
8,0.903400172080403
9,0.903400172080403
