rgn_id,score
1,0.937434373448106
2,0.915810539452781
3,0.915810539452781
4,0.91671634070012
5,0.902455485324305
6,0.902455485324305
7,0.902455485324305
8,0.900406306525026
9,0.900406306525026
