rgn_id,score
1,0.914229394
2,0.920119394
3,0.908499902
4,0.89371278
5,0.856850967
6,0.887485054
7,0.874857151
8,0.917429115
9,0.889537169
