"rgn_id","score"
1,0.92496376949762
2,0.92496376949762
3,0.92496376949762
4,0.92496376949762
5,0.92496376949762
6,0.92496376949762
7,0.92496376949762
8,0.92496376949762
9,0.92496376949762
