rgn_id,score
1,0.939779979
2,0.943785364
3,0.94668525
4,0.914313278
5,0.870243059
6,0.897480566
7,0.891651416
8,0.910385819
9,0.885153854
