"rgn_id","score"
1,0.929972906762952
2,0.929972906762952
3,0.929972906762952
4,0.929972906762952
5,0.929972906762952
6,0.929972906762952
7,0.929972906762952
8,0.929972906762952
9,0.929972906762952
