rgn_id,score
1,-0.177048508
2,-0.148868038
3,-0.246419683
4,-0.138380091
5,-0.045755972
6,-0.086714268
7,-0.064122944
8,-0.040942201
9,-0.070620405
