"rgn_id","score"
1,-0.167088344329521
2,-0.167088344329521
3,-0.167088344329521
4,-0.167088344329521
5,-0.167088344329521
6,-0.167088344329521
7,-0.167088344329521
8,-0.167088344329521
9,-0.167088344329521
