rgn_id,score
1,-0.008852425
2,-0.007443402
3,-0.012320984
4,-0.006919005
5,-0.002287799
6,-0.004335713
7,-0.003206147
8,-0.00204711
9,-0.00353102
