rgn_id,score
1,0.257942461967468
2,0.180343894163767
3,0.180343894163767
4,0.642371939619382
5,0.137874992688497
6,0.137874992688497
7,0.137874992688497
8,0.220709431171417
9,0.220709431171417
