"rgn_id","score"
1,0.436031919158147
2,0.436031919158147
3,0.436031919158147
4,0.436031919158147
5,0.436031919158147
6,0.436031919158147
7,0.436031919158147
8,0.436031919158147
9,0.436031919158147
