rgn_id,S_score
1,5.12
2,4.92
3,4.92
4,4.08
5,4.52
6,4.52
7,4.52
8,4.40226
9,4.40226
