"rgn_id","S_score"
1,3.9028865258216
2,3.9028865258216
3,3.9028865258216
4,3.9028865258216
5,3.9028865258216
6,3.9028865258216
7,3.9028865258216
8,3.9028865258216
9,3.9028865258216
