rgn_id,score
1,0.74462169
2,0.830298916
3,0.830298916
4,0.368365905
5,0.852074854
6,0.852074854
7,0.852074854
8,0.781222943
9,0.781222943
