rgn_id,score
1,0.742057538032532
2,0.819656105836233
3,0.819656105836233
4,0.357628060380618
5,0.862125007311503
6,0.862125007311503
7,0.862125007311503
8,0.779290568828583
9,0.779290568828583
