"rgn_id","score"
1,0.563968080841853
2,0.563968080841853
3,0.563968080841853
4,0.563968080841853
5,0.563968080841853
6,0.563968080841853
7,0.563968080841853
8,0.563968080841853
9,0.563968080841853
