"ID","pressure_score"
1,NA
2,NA
3,NA
4,0.0887427536355561
5,0.0511476453907236
6,0.155777972328837
7,0.0899837289642036
8,0.134672018682373
9,0.0878010468858298
10,0.119496183752411
