"ID","pressure_score"
1,NA
2,NA
3,NA
4,0.142566644702049
5,0.113662464024785
6,0.170866455795191
7,0.11282488095759
8,0.126848150740811
9,0.133776417407424
10,0.109639315383016
