"ID","pressure_score"
1,NA
2,NA
3,NA
4,0.100565233160164
5,0.0200202959426081
6,0.195872689648067
7,0.106779777920416
8,0.119339428478283
9,0.136769078875589
10,0.114641638669197
