"ID","pressure_score"
1,NA
2,NA
3,NA
4,0.240892064572318
5,0.101364988044449
6,0.374269940108442
7,0.144391029783066
8,0.00567212856219055
9,0.0418978125762636
10,0.0103628322141216
