"rgn_id","pressure_score"
1,0
2,0
3,0
4,0
5,0
6,0.382120912865558
7,0.172422023251429
8,0.0588449358285759
9,0
