"rgn_id","pressure_score"
1,0
2,0
3,0
4,0
5,0.00370914557356672
6,0.507216034912892
7,0.381726981148737
8,0.0404431651227115
9,0
