"rgn_id","pressure_score"
1,0
2,0
3,0
4,0
5,0
6,0.419163978481745
7,0.733419621513262
8,0.0548599659656791
9,0
