"rgn_id","pressure_score"
1,0
2,0
3,0
4,0
5,0
6,0.416049653232288
7,0.390040692274965
8,0.0462159159521877
9,0
