"rgn_id","pressure_score"
1,0.0419029545221837
2,0.000772337300390937
3,0.000444500214970246
4,0.00292951019618109
5,9.56198128626956e-06
6,0.00591455458050155
7,0
8,0
9,0
