"ID","pressure_score"
1,NA
2,0.0453597522073641
3,NA
4,0.158353189472325
5,0.0993070858382167
6,0.406966415093207
7,0.0985071163701309
8,0.0526102253891368
9,0.229251790221864
10,0.273798660289375
