"ID","pressure_score"
1,NA
2,0.187460037823122
3,NA
4,0.293587310401633
5,0.285596911006272
6,0.483235723861398
7,0.16164960638934
8,0.148322362987371
9,0.254495250036237
10,0.318409616402517
