"ID","trend"
1,-0.000872899876314947
2,-5.04140940564183e-05
3,1.20741126130874e-05
4,0.000116806816474041
5,-5.7802609973986e-07
6,2.11763236107631e-05
7,0
8,-9.04448156592875e-08
9,1.93947980722443e-18
