"ID","trend"
1,-0.00442509364954964
2,1.16524775714243e-05
3,-1.91944587668561e-06
4,1.13718173247909e-05
5,-1.62582774344856e-06
6,-9.35035074196949e-05
7,-3.00462919747534e-17
8,4.52224078341778e-07
9,-3.75578649684417e-18
